{"temperature": 0.1389647311182134, "humidity": 0.21100854621986276}